email,email,email
aalelsandrovich0@yellowpages.com,aalelsandrovich0@yellowpages.com,aalelsandrovich0@yellowpages.com
echristal1@domainmarket.com,echristal1@domainmarket.com,echristal1@domainmarket.com
mgaitone2@slashdot.org,mgaitone2@slashdot.org,mgaitone2@slashdot.org
ktimblett3@google.es,ktimblett3@google.es,ktimblett3@google.es
wjimmison4@constantcontact.com,wjimmison4@constantcontact.com,wjimmison4@constantcontact.com
fbackshill5@blinklist.com,fbackshill5@blinklist.com,fbackshill5@blinklist.com
kellams6@java.com,kellams6@java.com,kellams6@java.com
jsamme7@arizona.edu,jsamme7@arizona.edu,jsamme7@arizona.edu
srispen8@reference.com,srispen8@reference.com,srispen8@reference.com
jantoshin9@shareasale.com,jantoshin9@shareasale.com,jantoshin9@shareasale.com
ksalmena@uiuc.edu,ksalmena@uiuc.edu,ksalmena@uiuc.edu
alickorishb@eventbrite.com,alickorishb@eventbrite.com,alickorishb@eventbrite.com
firelandc@cargocollective.com,firelandc@cargocollective.com,firelandc@cargocollective.com
druzickad@phpbb.com,druzickad@phpbb.com,druzickad@phpbb.com
rnancarrowe@odnoklassniki.ru,rnancarrowe@odnoklassniki.ru,rnancarrowe@odnoklassniki.ru
ehandslipf@yellowbook.com,ehandslipf@yellowbook.com,ehandslipf@yellowbook.com
lrollog@soundcloud.com,lrollog@soundcloud.com,lrollog@soundcloud.com
gthandih@ustream.tv,gthandih@ustream.tv,gthandih@ustream.tv
nreddani@usda.gov,nreddani@usda.gov,nreddani@usda.gov
sfliegerj@cnet.com,sfliegerj@cnet.com,sfliegerj@cnet.com
ewenderothk@quantcast.com,ewenderothk@quantcast.com,ewenderothk@quantcast.com
khubanel@hubpages.com,khubanel@hubpages.com,khubanel@hubpages.com
fhanrattym@walmart.com,fhanrattym@walmart.com,fhanrattym@walmart.com
jtrembletn@nymag.com,jtrembletn@nymag.com,jtrembletn@nymag.com
phardypiggino@psu.edu,phardypiggino@psu.edu,phardypiggino@psu.edu
ckliemchenp@csmonitor.com,ckliemchenp@csmonitor.com,ckliemchenp@csmonitor.com
dthayreq@last.fm,dthayreq@last.fm,dthayreq@last.fm
ktolertonr@ifeng.com,ktolertonr@ifeng.com,ktolertonr@ifeng.com
kconnachans@un.org,kconnachans@un.org,kconnachans@un.org
sbrumbyet@hao123.com,sbrumbyet@hao123.com,sbrumbyet@hao123.com
elavigneu@mail.ru,elavigneu@mail.ru,elavigneu@mail.ru
cemmettv@uol.com.br,cemmettv@uol.com.br,cemmettv@uol.com.br
mvilew@unicef.org,mvilew@unicef.org,mvilew@unicef.org
amccaughanx@freewebs.com,amccaughanx@freewebs.com,amccaughanx@freewebs.com
bexleyy@geocities.jp,bexleyy@geocities.jp,bexleyy@geocities.jp
fwillicottz@unblog.fr,fwillicottz@unblog.fr,fwillicottz@unblog.fr
afice10@hibu.com,afice10@hibu.com,afice10@hibu.com
bjerrans11@walmart.com,bjerrans11@walmart.com,bjerrans11@walmart.com
erosario12@feedburner.com,erosario12@feedburner.com,erosario12@feedburner.com
bevett13@hostgator.com,bevett13@hostgator.com,bevett13@hostgator.com
kgalego14@mlb.com,kgalego14@mlb.com,kgalego14@mlb.com
kdominik15@yelp.com,kdominik15@yelp.com,kdominik15@yelp.com
sbaxster16@admin.ch,sbaxster16@admin.ch,sbaxster16@admin.ch
lmaud17@yolasite.com,lmaud17@yolasite.com,lmaud17@yolasite.com
mleele18@squarespace.com,mleele18@squarespace.com,mleele18@squarespace.com
amcgill19@slideshare.net,amcgill19@slideshare.net,amcgill19@slideshare.net
mdecaze1a@aboutads.info,mdecaze1a@aboutads.info,mdecaze1a@aboutads.info
mlukacs1b@wired.com,mlukacs1b@wired.com,mlukacs1b@wired.com
